file,tool,prompt,reference_images,attempts,notes
"assets/rooms/gallery.png","Cursor GenerateImage","Painterly storybook illustration, 2D side-scrolling adventure game background, same style as the references: visible brushwork and soft ink linework, rich teal and deep navy palette with warm amber lamp glow, 1928. Scene: the iron gallery balcony wrapping around the top of a lighthouse at night in a storm, seen in a flat SIDE-ON view like a stage. A wide flat iron-plate walkway runs straight horizontally across the ENTIRE width of the frame, occupying the lower-middle band, clear and empty for a character to walk along. A low iron railing with round stanchions runs in the near foreground along the walkway's front edge. Behind the walkway on the right half: the curved riveted wall of the lamp room with tall glazed windows glowing warm amber, the great brass lens softly glowing inside. On the left half: open stormy night sky, driving rain, the dark sea and foaming reef rocks far below, distant forked lightning. The bottom ~12% is plain dark shadowed iron. No people, no text, no letters, no watermark.","assets/ui/title.png; assets/rooms/lamp_before.png; first gallery attempt","2","Attempt 1 had a receding curved walkway (poor for a walkable stage); attempt 2 kept. Generated 1280x720, upscaled to 2560x1440 with sips."
"assets/rooms/gallery_lit.png","Cursor GenerateImage","Edit of the first reference image: keep EVERYTHING identical (same composition, camera, walkway, railing, lamp-room wall, windows, sky, sea, rocks, lightning, painterly style and teal/navy palette). The ONLY change: the great lamp is now blazing at full power, bright warm amber-white light flooding out through the windows, and a strong broad golden beam sweeps out to the left across the sky and over the stormy sea, rain sparkling in the beam, amber glow reflecting on the wet iron walkway and railing. No people, no text, no watermark.","assets/rooms/gallery.png (source); assets/ui/title.png","1","Composition matches gallery.png closely. Upscaled to 2560x1440 with sips."
"assets/rooms/wheelroom.png","Cursor GenerateImage","Painterly storybook illustration, 2D adventure game background, matching the reference images' style exactly (same brushwork, linework, teal/navy palette with warm amber lamp glow), 1928 lighthouse. Scene: the cramped stone tide-wheel chamber hidden behind the cellar wall. Front-on side view. Centre-left: a huge old dark wooden water wheel, slick and mossy, turning in a stone channel of green-teal seawater. Iron gears and a leather drive belt run from the wheel axle to a small brass dynamo generator on a stone plinth on the right. Dripping copper and iron pipes along the walls and ceiling. Far left: a low stone archway leading back to the cellar. A rough wooden workbench with old hand tools at the right. An old brass hurricane lantern on a wall hook casting amber light. Wet flagstone floor walkable across the bottom, clear and empty. No people, no text, no letters, no watermark, no modern items.","assets/ui/title.png; assets/rooms/cellar_before.png","1","Slightly more rendered/darker than cellar_before.png. Upscaled to 2560x1440 with sips."
"assets/rooms/wheelroom_flooded.png","Cursor GenerateImage","Edit of the first reference image: keep the same composition, camera angle, stone walls, archway, pipes, water wheel, gears, belt, brass generator, workbench, hanging lantern, painterly style and palette. Changes: the seawater channel has overflowed, water much higher and churning white-green with foam, spilling across the floor as a shallow sheet of rippling water (floor still walkable), the wheel spinning fast with spray and mist flying off its paddles, droplets glittering in the lantern light, pipes dripping heavily. No people, no text, no watermark.","assets/rooms/wheelroom.png (source); assets/rooms/cellar_before.png","1","Upscaled to 2560x1440 with sips."
"assets/ghost/captain.png","Cursor GenerateImage","Painterly storybook illustration of a ghost, same brushwork and linework style as the references. The drowned ghost of a 1920s steamship captain: tall, bearded, 1920s peaked captain's cap, long sodden double-breasted greatcoat, seaweed hanging from shoulders and hem, water dripping. Pale glowing blue-green translucent spectral figure with soft luminous edges and mist at his feet. Full body, standing, turned slightly to the left, calm and sorrowful. Background PURE SOLID BLACK everywhere, no floor, no shadow, no vignette. No text, no watermark.","assets/ui/title.png; assets/characters/mara.png","1","Converted to PNG at 768x1024; near-black pixels (luma <= 6) clamped to pure black for additive blending."
"assets/ghost/captain_point.png","Cursor GenerateImage","The exact same ghost as the reference image (same captain, cap, greatcoat with seaweed, blue-green translucent rendering, style, scale and framing, full body, mist at feet). Only change: the arm on the left of the image is raised straight out pointing toward the left edge, head and gaze following the point, solemn and sorrowful. Background PURE SOLID BLACK, no floor, no shadow. No text, no watermark.","assets/ghost/captain.png","1","768x1024; near-black clamped to pure black."
"assets/visions/vision_dim.png","Cursor GenerateImage","A painted flashback vision, same painterly storybook style as the references, slightly desaturated, misty and dreamlike with soft dark vignette edges. Inside the lighthouse lamp room at night (same brass-caged great lamp). Close view: a gloved hand in a dark leather glove reaches into frame and turns down the brass wick/regulator knob at the base of the great lamp; the amber light is dimming and guttering. The person's face and body are entirely out of frame, only the gloved hand and an ambiguous dark coat cuff visible. Rain on the dark window behind. 1928. No text, no letters, no watermark.","assets/rooms/lamp_before.png; assets/ui/title.png","1","Culprit not identifiable. Upscaled to 2560x1440."
"assets/visions/vision_marigold.png","Cursor GenerateImage","A painted flashback vision, same painterly storybook style, slightly desaturated, misty and dreamlike with soft vignette edges. Night storm at sea, 1920s: a small single-funnel coastal steamship striking a jagged reef, bow lifting, hull cracking, huge waves breaking over her, smoke and a few ship lights. Behind her on a rock island the lighthouse stands DARK, lantern unlit, black silhouette against grey-teal storm clouds. Rain and spray. No text, no ship name lettering, no watermark.","assets/ui/title.png; assets/rooms/lamp_before.png","1","Upscaled to 2560x1440."
"assets/visions/vision_stairs.png","Cursor GenerateImage","A painted flashback vision, same painterly storybook style, slightly desaturated grey-teal, misty and dreamlike; edges dissolve softly into pale grey-teal mist (soft feathered fog vignette, not a hard black frame). Inside a stone lighthouse tower at night, a dark iron spiral staircase. At the top stands an old keeper with white beard and hair in a yellow-brown oilskin coat, turning toward a second figure a few steps below. The second figure is a dark anonymous silhouette holding a brass lantern low; head and face lost in shadow and mist (no face, no hair visible). Only a turned-up coat collar and a loose length of fabric that could be a scarf, muted to grey, catch the light, ambiguous who it is. 1928. No text, no watermark.","assets/visions/vision_marigold.png (style); assets/rooms/lamp_before.png; assets/ui/title.png","2","Attempt 1 had a hard black oval mask and a visible tousled hairline that read as Tobin; attempt 2 kept (faceless, ambiguous)."
"assets/visions/vision_crane.png","Cursor GenerateImage","A painted flashback vision, same painterly storybook style, slightly desaturated, misty and dreamlike with soft vignette edges. A 1928 harbourmaster's office at night: a heavy-set bearded man in a dark peaked harbourmaster's cap and waistcoat at a cluttered wooden desk counting banknotes by an oil lamp; a large open ship's insurance ledger with illegible scribbled columns (no readable text), a ship model and charts on the wall, rain on the window. On the wall behind him, the long cast shadow of a second unseen person out of frame. No readable text, no watermark.","assets/ui/title.png; assets/rooms/lamp_before.png","1","Ledger/notes contain only illegible scribble marks. Upscaled to 2560x1440."
"assets/ui/keyart.png","Cursor GenerateImage","Cinematic key art, painterly storybook illustration matching the style of the first reference (visible brushwork, soft ink linework, teal and navy palette, warm amber glow), stormy night at sea, 1928. A tall white reef lighthouse with rust streaks slightly right of centre on a black rock island, shown in cutaway. EXACTLY TWO PEOPLE inside: at the top in the glass lantern room by the glowing brass Fresnel lens, Mara (dark hair in a bun, red wool scarf, long grey coat); at the bottom in a rock-cut cellar below the waterline, Tobin (ginger tousled hair, round glasses, teal coat, mustard sweater) alone knee-deep in glowing floodwater. The lamp throws a wide golden beam down-left onto a 1920s steamship on the reef at left-centre. Lower-left foreground: barnacled rocks with the faint translucent blue-green ghost of a bearded sea captain in a peaked cap and greatcoat watching the ship. Huge waves, heavy rain, distant lightning. Top quarter dark empty storm cloud for a title. No text, no letters, no watermark.","assets/ui/title.png; assets/characters/mara.png; assets/characters/tobin.png; assets/ghost/captain.png (attempts 1-2 also used the earlier keyart sample)","3","Attempt 1 near-identical to the earlier sample (Mara mid-tower, not in lamp room); attempt 2 added an extra person in the cellar; attempt 3 kept. Steamship reads as foundering rather than clearly wrecked; Mara is small at the lamp. Upscaled to 2560x1440."
"assets/ui/cover_630x500.png","Cursor GenerateImage (derived)","Crop of keyart (no new generation): 907x720 window at x=95 of the 1280x720 source, resized to 630x500 with Pillow LANCZOS.","assets/ui/keyart.png","0","Includes ghost, ship, full lighthouse and Tobin; no text."
